
INSERT [dbo].[menu] ([activo], [clase_icono], [nombre]) VALUES (1, N'oi oi-aperture', N'Generar Envios')
INSERT [dbo].[menu] ([activo], [clase_icono], [nombre]) VALUES (1, N'oi oi-aperture', N'Masivo')
INSERT [dbo].[menu] ([activo], [clase_icono], [nombre]) VALUES (1, N'oi oi-aperture', N'Individual')
INSERT [dbo].[menu] ([activo], [clase_icono], [nombre]) VALUES (1, N'oi oi-aperture', N'Guías')
INSERT [dbo].[menu] ([activo], [clase_icono], [nombre]) VALUES (1, N'oi oi-aperture', N'Por procesar')
INSERT [dbo].[menu] ([activo], [clase_icono], [nombre]) VALUES (1, N'oi oi-aperture', N'Subir Resultados')
INSERT [dbo].[menu] ([activo], [clase_icono], [nombre]) VALUES (1, N'oi oi-aperture', N'Creadas')
INSERT [dbo].[menu] ([activo], [clase_icono], [nombre]) VALUES (1, N'oi oi-aperture', N'Control y Mantenimiento')
INSERT [dbo].[menu] ([activo], [clase_icono], [nombre]) VALUES (1, N'oi oi-aperture', N'Asignación de Plazos de Distribución')
INSERT [dbo].[menu] ([activo], [clase_icono], [nombre]) VALUES (1, N'oi oi-aperture', N'Autorizar Envíos')
INSERT [dbo].[menu] ([activo], [clase_icono], [nombre]) VALUES (1, N'oi oi-aperture', N'Custodia')
INSERT [dbo].[menu] ([activo], [clase_icono], [nombre]) VALUES (1, N'oi oi-aperture', N'Masivo')
INSERT [dbo].[menu] ([activo], [clase_icono], [nombre]) VALUES (1, N'oi oi-aperture', N'Individual')
INSERT [dbo].[menu] ([activo], [clase_icono], [nombre]) VALUES (1, N'oi oi-aperture', N'Consultas')
INSERT [dbo].[menu] ([activo], [clase_icono], [nombre]) VALUES (1, N'oi oi-aperture', N'Todos los Documentos')
INSERT [dbo].[menu] ([activo], [clase_icono], [nombre]) VALUES (1, N'oi oi-aperture', N'Mis Documentos')
INSERT [dbo].[menu] ([activo], [clase_icono], [nombre]) VALUES (1, N'oi oi-aperture', N'Documentos Custodiados')
INSERT [dbo].[menu] ([activo], [clase_icono], [nombre]) VALUES (1, N'oi oi-aperture', N'Recepción')
INSERT [dbo].[menu] ([activo], [clase_icono], [nombre]) VALUES (1, N'oi oi-aperture', N'Cargos')
INSERT [dbo].[menu] ([activo], [clase_icono], [nombre]) VALUES (1, N'oi oi-aperture', N'Documentos Devueltos')
INSERT [dbo].[menu] ([activo], [clase_icono], [nombre]) VALUES (1, N'oi oi-aperture', N'Reportes')
INSERT [dbo].[menu] ([activo], [clase_icono], [nombre]) VALUES (1, N'oi oi-aperture', N'Reporte de Volumen')
INSERT [dbo].[menu] ([activo], [clase_icono], [nombre]) VALUES (1, N'oi oi-aperture', N'Reporte de Eficacia')
INSERT [dbo].[menu] ([activo], [clase_icono], [nombre]) VALUES (1, N'oi oi-aperture', N'Reporte de Eficiencia')
INSERT [dbo].[menu] ([activo], [clase_icono], [nombre]) VALUES (1, N'oi oi-aperture', N'Reporte de Devolución de Cargo')
INSERT [dbo].[menu] ([activo], [clase_icono], [nombre]) VALUES (1, N'oi oi-aperture', N'Control de Cargos')
INSERT [dbo].[menu] ([activo], [clase_icono], [nombre]) VALUES (1, N'oi oi-aperture', N'Indicador de Volumen')
INSERT [dbo].[menu] ([activo], [clase_icono], [nombre]) VALUES (1, N'oi oi-aperture', N'Indicador de Efectividad')
INSERT [dbo].[menu] ([activo], [clase_icono], [nombre]) VALUES (1, N'oi oi-aperture', N'Indicador de Eficiencia')


SET IDENTITY_INSERT [dbo].[menu] OFF
INSERT [dbo].[jerarquia_menu] ([menu_padre_id], [menu_hijo_id]) VALUES (1, 2)
INSERT [dbo].[jerarquia_menu] ([menu_padre_id], [menu_hijo_id]) VALUES (1, 3)
INSERT [dbo].[jerarquia_menu] ([menu_padre_id], [menu_hijo_id]) VALUES (4, 5)
INSERT [dbo].[jerarquia_menu] ([menu_padre_id], [menu_hijo_id]) VALUES (4, 6)
INSERT [dbo].[jerarquia_menu] ([menu_padre_id], [menu_hijo_id]) VALUES (4, 7)
INSERT [dbo].[jerarquia_menu] ([menu_padre_id], [menu_hijo_id]) VALUES (8, 9)
INSERT [dbo].[jerarquia_menu] ([menu_padre_id], [menu_hijo_id]) VALUES (8, 10)
INSERT [dbo].[jerarquia_menu] ([menu_padre_id], [menu_hijo_id]) VALUES (11, 12)
INSERT [dbo].[jerarquia_menu] ([menu_padre_id], [menu_hijo_id]) VALUES (11, 13)
INSERT [dbo].[jerarquia_menu] ([menu_padre_id], [menu_hijo_id]) VALUES (14, 15)
INSERT [dbo].[jerarquia_menu] ([menu_padre_id], [menu_hijo_id]) VALUES (14, 16)
INSERT [dbo].[jerarquia_menu] ([menu_padre_id], [menu_hijo_id]) VALUES (14, 17)
INSERT [dbo].[jerarquia_menu] ([menu_padre_id], [menu_hijo_id]) VALUES (18, 19)
INSERT [dbo].[jerarquia_menu] ([menu_padre_id], [menu_hijo_id]) VALUES (18, 20)
INSERT [dbo].[jerarquia_menu] ([menu_padre_id], [menu_hijo_id]) VALUES (21, 22)
INSERT [dbo].[jerarquia_menu] ([menu_padre_id], [menu_hijo_id]) VALUES (21, 23)
INSERT [dbo].[jerarquia_menu] ([menu_padre_id], [menu_hijo_id]) VALUES (21, 24)
INSERT [dbo].[jerarquia_menu] ([menu_padre_id], [menu_hijo_id]) VALUES (21, 25)
INSERT [dbo].[jerarquia_menu] ([menu_padre_id], [menu_hijo_id]) VALUES (21, 26)
INSERT [dbo].[jerarquia_menu] ([menu_padre_id], [menu_hijo_id]) VALUES (21, 27)
INSERT [dbo].[jerarquia_menu] ([menu_padre_id], [menu_hijo_id]) VALUES (21, 28)
INSERT [dbo].[jerarquia_menu] ([menu_padre_id], [menu_hijo_id]) VALUES (21, 29)
INSERT [dbo].[opcion] ([menu_id], [link], [orden]) VALUES (2, N'/generar-documentos/masivo', 2)
INSERT [dbo].[opcion] ([menu_id], [link], [orden]) VALUES (3, N'/generar-documentos/individual', 1)
INSERT [dbo].[opcion] ([menu_id], [link], [orden]) VALUES (5, N'/guias-enviadas', 2)
INSERT [dbo].[opcion] ([menu_id], [link], [orden]) VALUES (6, N'/subir-resultados', 3)
INSERT [dbo].[opcion] ([menu_id], [link], [orden]) VALUES (7, N'/guias-creadas', 1)
INSERT [dbo].[opcion] ([menu_id], [link], [orden]) VALUES (9, N'/mantenimiento/permiso-plazo-distribucion', 2)
INSERT [dbo].[opcion] ([menu_id], [link], [orden]) VALUES (10, N'/autorizar-envios', 1)
INSERT [dbo].[opcion] ([menu_id], [link], [orden]) VALUES (12, N'/custodiar-envios-masivos', 2)
INSERT [dbo].[opcion] ([menu_id], [link], [orden]) VALUES (13, N'/custodiar-envios-individuales', 1)
INSERT [dbo].[opcion] ([menu_id], [link], [orden]) VALUES (15, N'/consultar-documentos-utd-bcp', 3)
INSERT [dbo].[opcion] ([menu_id], [link], [orden]) VALUES (16, N'/consultar-documentos-usuario-bcp', 2)
INSERT [dbo].[opcion] ([menu_id], [link], [orden]) VALUES (17, N'/documentos-custodiados', 1)
INSERT [dbo].[opcion] ([menu_id], [link], [orden]) VALUES (19, N'/recepcionar-cargos', 1)
INSERT [dbo].[opcion] ([menu_id], [link], [orden]) VALUES (20, N'/recepcionar-documentos', 2)
INSERT [dbo].[opcion] ([menu_id], [link], [orden]) VALUES (22, N'/reportes-volumen', 1)
INSERT [dbo].[opcion] ([menu_id], [link], [orden]) VALUES (23, N'/reportes-eficacia', 2)
INSERT [dbo].[opcion] ([menu_id], [link], [orden]) VALUES (24, N'/reportes-distribucion-mes-eficiencia', 3)
INSERT [dbo].[opcion] ([menu_id], [link], [orden]) VALUES (25, N'/reporte-devolucion-cargo', 4)
INSERT [dbo].[opcion] ([menu_id], [link], [orden]) VALUES (26, N'/reportes-cargos', 5)
INSERT [dbo].[opcion] ([menu_id], [link], [orden]) VALUES (27, N'/reporte-indicador-volumen', 6)
INSERT [dbo].[opcion] ([menu_id], [link], [orden]) VALUES (28, N'/reportes-indicador-efectividad', 7)
INSERT [dbo].[opcion] ([menu_id], [link], [orden]) VALUES (29, N'/reporte-indicador-eficiencia', 8)
INSERT [dbo].[opcion_permiso] ([opcion_id], [permiso_id]) VALUES (2, 12)
INSERT [dbo].[opcion_permiso] ([opcion_id], [permiso_id]) VALUES (3, 12)
INSERT [dbo].[opcion_permiso] ([opcion_id], [permiso_id]) VALUES (5, 13)
INSERT [dbo].[opcion_permiso] ([opcion_id], [permiso_id]) VALUES (6, 13)
INSERT [dbo].[opcion_permiso] ([opcion_id], [permiso_id]) VALUES (7, 13)
INSERT [dbo].[opcion_permiso] ([opcion_id], [permiso_id]) VALUES (9, 6)
INSERT [dbo].[opcion_permiso] ([opcion_id], [permiso_id]) VALUES (10, 6)
INSERT [dbo].[opcion_permiso] ([opcion_id], [permiso_id]) VALUES (12, 13)
INSERT [dbo].[opcion_permiso] ([opcion_id], [permiso_id]) VALUES (13, 13)
INSERT [dbo].[opcion_permiso] ([opcion_id], [permiso_id]) VALUES (15, 13)
INSERT [dbo].[opcion_permiso] ([opcion_id], [permiso_id]) VALUES (16, 12)
INSERT [dbo].[opcion_permiso] ([opcion_id], [permiso_id]) VALUES (17, 13)
INSERT [dbo].[opcion_permiso] ([opcion_id], [permiso_id]) VALUES (19, 13)
INSERT [dbo].[opcion_permiso] ([opcion_id], [permiso_id]) VALUES (20, 13)
INSERT [dbo].[opcion_permiso] ([opcion_id], [permiso_id]) VALUES (22, 14)
INSERT [dbo].[opcion_permiso] ([opcion_id], [permiso_id]) VALUES (23, 14)
INSERT [dbo].[opcion_permiso] ([opcion_id], [permiso_id]) VALUES (24, 14)
INSERT [dbo].[opcion_permiso] ([opcion_id], [permiso_id]) VALUES (25, 14)
INSERT [dbo].[opcion_permiso] ([opcion_id], [permiso_id]) VALUES (26, 14)
INSERT [dbo].[opcion_permiso] ([opcion_id], [permiso_id]) VALUES (27, 14)
INSERT [dbo].[opcion_permiso] ([opcion_id], [permiso_id]) VALUES (28, 14)
INSERT [dbo].[opcion_permiso] ([opcion_id], [permiso_id]) VALUES (29, 14)
INSERT [dbo].[opcion_permiso] ([opcion_id], [permiso_id]) VALUES (15, 14)
INSERT [dbo].[opcion_permiso] ([opcion_id], [permiso_id]) VALUES (17, 14)








